etag,cow_id,stock_group,lact,bdat,inventory_lact,in_anchor_inventory
UK740651126968,,youngstock,0,2023-02-18,None,False
UK740651127024,,youngstock,0,2023-02-24,None,False
UK740651127129,,youngstock,0,2023-04-05,None,False
UK740651127143,127143,youngstock,0,2023-04-16,2,True
UK740651127157,127157,youngstock,0,2023-04-25,2,True
UK740651127164,,youngstock,0,2023-04-27,None,False
UK740651127178,,youngstock,0,2023-05-02,None,False
UK740651127199,,youngstock,0,2023-05-10,None,False
UK740651127227,,youngstock,0,2023-05-27,None,False
UK740651127759,,youngstock,0,2023-06-16,None,False
UK740651127773,127773,youngstock,0,2023-06-20,2,True
UK740651127787,127787,youngstock,0,2023-06-27,2,True
UK740651127801,,youngstock,0,2023-07-01,None,False
UK740651226367,,youngstock,0,2022-12-04,None,False
UK740651226682,,youngstock,0,2023-01-15,None,False
UK740651227032,227032,youngstock,0,2023-02-25,2,True
UK740651227067,,youngstock,0,2023-03-08,None,False
UK740651227074,,youngstock,0,2023-03-10,None,False
UK740651227088,,youngstock,0,2023-03-17,None,False
UK740651227102,,youngstock,0,2023-03-26,None,False
UK740651227137,,youngstock,0,2023-04-11,None,False
UK740651227144,,youngstock,0,2023-04-16,None,False
UK740651227158,,youngstock,0,2023-04-25,None,False
UK740651227165,,youngstock,0,2023-04-28,None,False
UK740651227179,,youngstock,0,2023-05-03,None,False
UK740651227186,,youngstock,0,2023-05-05,None,False
UK740651227200,,youngstock,0,2023-05-11,None,False
UK740651227207,,youngstock,0,2023-05-18,None,False
UK740651227214,,youngstock,0,2023-05-22,None,False
UK740651227760,,youngstock,0,2023-06-16,None,False
UK740651227795,227795,youngstock,0,2023-06-29,2,True
UK740651227809,,youngstock,0,2023-07-04,None,False
UK740651326459,,youngstock,0,2022-12-17,None,False
UK740651326592,,youngstock,0,2023-01-04,None,False
UK740651326599,,youngstock,0,2023-01-05,None,False
UK740651326760,,youngstock,0,2023-01-23,None,False
UK740651326802,,youngstock,0,2023-02-01,None,False
UK740651327082,704,youngstock,0,2023-03-14,2,True
UK740651327089,327089,youngstock,0,2023-03-17,2,True
UK740651327110,,youngstock,0,2023-03-29,None,False
UK740651327124,,youngstock,0,2023-04-02,None,False
UK740651327131,,youngstock,0,2023-04-07,None,False
UK740651327138,,youngstock,0,2023-04-12,None,False
UK740651327145,,youngstock,0,2023-04-17,None,False
UK740651327159,,youngstock,0,2023-04-25,None,False
UK740651327166,,youngstock,0,2023-04-28,None,False
UK740651327173,,youngstock,0,2023-05-01,None,False
UK740651327180,327180,youngstock,0,2023-05-03,2,True
UK740651327187,,youngstock,0,2023-05-05,None,False
UK740651327194,,youngstock,0,2023-05-09,None,False
UK740651327208,,youngstock,0,2023-05-18,None,False
UK740651327215,,youngstock,0,2023-05-22,None,False
UK740651327222,327222,youngstock,0,2023-05-25,2,True
UK740651327425,,youngstock,0,2023-04-13,None,False
UK740651327733,,youngstock,0,2023-05-31,None,False
UK740651327747,,youngstock,0,2023-06-09,None,False
UK740651327768,,youngstock,0,2023-06-19,None,False
UK740651327775,,youngstock,0,2023-06-21,None,False
UK740651327894,,youngstock,0,2023-07-30,None,False
UK740651426838,,youngstock,0,2023-02-05,None,False
UK740651427048,,youngstock,0,2023-03-01,None,False
UK740651427076,,youngstock,0,2023-03-11,None,False
UK740651427083,,youngstock,0,2023-03-14,None,False
UK740651427118,,youngstock,0,2023-03-31,None,False
UK740651427139,,youngstock,0,2023-04-14,None,False
UK740651427153,,youngstock,0,2023-04-22,None,False
UK740651427160,,youngstock,0,2023-04-25,None,False
UK740651427167,,youngstock,0,2023-04-28,None,False
UK740651427174,427174,youngstock,0,2023-05-01,1,True
UK740651427188,,youngstock,0,2023-05-05,None,False
UK740651427195,,youngstock,0,2023-05-09,None,False
UK740651427209,,youngstock,0,2023-05-19,None,False
UK740651427216,,youngstock,0,2023-05-22,None,False
UK740651427230,,youngstock,0,2023-05-30,None,False
UK740651427538,427538,youngstock,0,2023-05-15,2,True
UK740651427748,,youngstock,0,2023-06-09,None,False
UK740651427776,427776,youngstock,0,2023-06-22,1,True
UK740651427790,,youngstock,0,2023-06-27,None,False
UK740651427825,427825,youngstock,0,2023-07-08,2,True
UK740651526622,,youngstock,0,2023-01-09,None,False
UK740651526657,,youngstock,0,2023-01-12,None,False
UK740651526748,,youngstock,0,2023-01-22,None,False
UK740651527049,,youngstock,0,2023-03-02,None,False
UK740651527098,,youngstock,0,2023-03-20,None,False
UK740651527112,,youngstock,0,2023-03-29,None,False
UK740651527119,,youngstock,0,2023-04-01,None,False
UK740651527126,527126,youngstock,0,2023-04-03,2,True
UK740651527140,,youngstock,0,2023-04-15,None,False
UK740651527147,,youngstock,0,2023-04-19,None,False
UK740651527154,527154,youngstock,0,2023-04-24,2,True
UK740651527161,527161,youngstock,0,2023-04-26,1,True
UK740651527175,,youngstock,0,2023-05-01,None,False
UK740651527182,,youngstock,0,2023-05-04,None,False
UK740651527189,527189,youngstock,0,2023-05-05,2,True
UK740651527217,,youngstock,0,2023-05-23,None,False
UK740651527749,527749,youngstock,0,2023-06-10,2,True
UK740651527784,,youngstock,0,2023-06-25,None,False
UK740651527882,,youngstock,0,2023-07-27,None,False
UK740651626462,626462,youngstock,0,2022-12-18,1,True
UK740651626504,626504,youngstock,0,2022-12-23,1,True
UK740651626665,626665,youngstock,0,2023-01-13,2,True
UK740651626707,626707,youngstock,0,2023-01-18,2,True
UK740651627001,,youngstock,0,2023-02-22,None,False
UK740651627043,627043,youngstock,0,2023-02-27,2,True
UK740651627099,,youngstock,0,2023-03-21,None,False
UK740651627106,,youngstock,0,2023-03-28,None,False
UK740651627120,,youngstock,0,2023-04-01,None,False
UK740651627127,,youngstock,0,2023-04-04,None,False
UK740651627148,,youngstock,0,2023-04-19,None,False
UK740651627169,627169,youngstock,0,2023-04-28,2,True
UK740651627183,627183,youngstock,0,2023-05-04,2,True
UK740651627197,,youngstock,0,2023-05-09,None,False
UK740651627218,,youngstock,0,2023-05-24,None,False
UK740651627428,,youngstock,0,2023-04-15,None,False
UK740651627757,627757,youngstock,0,2023-06-15,2,True
UK740651627764,627764,youngstock,0,2023-06-18,1,True
UK740651627834,627834,youngstock,0,2023-07-11,2,True
UK740651627848,,youngstock,0,2023-07-15,None,False
UK740651726435,,youngstock,0,2022-12-14,None,False
UK740651727093,,youngstock,0,2023-03-19,None,False
UK740651727107,,youngstock,0,2023-03-28,None,False
UK740651727121,,youngstock,0,2023-04-01,None,False
UK740651727135,727135,youngstock,0,2023-04-10,2,True
UK740651727142,727142,youngstock,0,2023-04-15,2,True
UK740651727149,,youngstock,0,2023-04-20,None,False
UK740651727170,,youngstock,0,2023-04-29,None,False
UK740651727177,,youngstock,0,2023-05-01,None,False
UK740651727184,,youngstock,0,2023-05-05,None,False
UK740651727212,,youngstock,0,2023-05-21,None,False
UK740651727226,,youngstock,0,2023-05-27,None,False
UK740651727751,,youngstock,0,2023-06-10,None,False
UK740651727758,,youngstock,0,2023-06-15,None,False
UK740651727793,,youngstock,0,2023-06-29,None,False
UK740651727842,727842,youngstock,0,2023-07-13,1,True
UK752261109364,200,youngstock,0,2022-03-16,None,False
UK752261109406,755,youngstock,0,2022-04-29,None,False
UK752261109427,746,youngstock,0,2022-05-22,None,False
UK752261109434,920,youngstock,0,2022-05-27,None,False
UK752261109658,109658,youngstock,1,2022-08-23,None,False
UK752261109917,520,youngstock,0,2022-12-11,None,False
UK752261109966,109966,youngstock,0,2023-01-01,2,True
UK752261109987,781,youngstock,0,2023-01-10,None,False
UK752261109994,916,youngstock,0,2023-01-17,None,False
UK752261110001,110001,youngstock,0,2023-01-23,None,False
UK752261110008,510,youngstock,0,2023-01-28,None,False
UK752261110015,234,youngstock,0,2023-02-03,None,False
UK752261110022,110022,youngstock,0,2023-02-06,None,False
UK752261110036,110036,youngstock,0,2023-02-14,None,False
UK752261110043,110043,youngstock,0,2023-02-17,1,True
UK752261110050,110050,youngstock,0,2023-02-22,1,True
UK752261110057,110057,youngstock,0,2023-03-02,None,False
UK752261110064,110064,youngstock,0,2023-03-06,None,False
UK752261110071,110071,youngstock,0,2023-03-09,None,False
UK752261110078,110078,youngstock,0,2023-03-12,None,False
UK752261110085,110085,youngstock,0,2023-03-15,None,False
UK752261110099,110099,youngstock,0,2023-03-20,None,False
UK752261110106,110106,youngstock,0,2023-03-24,None,False
UK752261110113,110113,youngstock,0,2023-03-27,2,True
UK752261110120,110120,youngstock,0,2023-04-03,None,False
UK752261110134,110134,youngstock,0,2023-04-15,2,True
UK752261110141,110141,youngstock,0,2023-04-20,None,False
UK752261110148,110148,youngstock,0,2023-04-22,2,True
UK752261110155,110155,youngstock,0,2023-04-25,None,False
UK752261110162,110162,youngstock,0,2023-04-29,None,False
UK752261110169,110169,youngstock,0,2023-05-03,2,True
UK752261110176,110176,youngstock,0,2023-05-11,2,True
UK752261110183,110183,youngstock,0,2023-05-14,None,False
UK752261110190,110190,youngstock,0,2023-05-19,1,True
UK752261110204,110204,youngstock,0,2023-05-28,1,True
UK752261110211,110211,youngstock,0,2023-05-31,1,True
UK752261110218,110218,youngstock,0,2023-06-05,2,True
UK752261110225,110225,youngstock,0,2023-06-05,None,False
UK752261110239,110239,youngstock,0,2023-06-09,None,False
UK752261110253,110253,youngstock,0,2023-06-15,None,False
UK752261110260,110260,youngstock,0,2023-06-20,1,True
UK752261110267,110267,youngstock,0,2023-06-25,2,True
UK752261110274,110274,youngstock,0,2023-06-29,None,False
UK752261110288,110288,youngstock,0,2023-07-08,None,False
UK752261110295,110295,youngstock,0,2023-07-18,None,False
UK752261110302,110302,youngstock,0,2023-07-22,None,False
UK752261110309,110309,youngstock,0,2023-07-23,2,True
UK752261110316,110316,youngstock,0,2023-07-27,1,True
UK752261110323,110323,youngstock,0,2023-07-29,None,False
UK752261110337,110337,youngstock,0,2023-08-05,1,True
UK752261110344,110344,youngstock,0,2023-08-08,None,False
UK752261110351,110351,youngstock,0,2023-08-12,None,False
UK752261110358,110358,youngstock,0,2023-08-13,None,False
UK752261110365,110365,youngstock,0,2023-08-15,None,False
UK752261110372,110372,youngstock,0,2023-08-16,None,False
UK752261110379,110379,youngstock,0,2023-08-18,None,False
UK752261110386,110386,youngstock,0,2023-08-20,1,True
UK752261110393,110393,youngstock,0,2023-08-22,None,False
UK752261110400,110400,youngstock,0,2023-08-25,None,False
UK752261110407,110407,youngstock,0,2023-08-27,None,False
UK752261110414,110414,youngstock,0,2023-08-30,1,True
UK752261110421,110421,youngstock,0,2023-09-02,1,True
UK752261110428,110428,youngstock,0,2023-09-08,1,True
UK752261110435,110435,youngstock,0,2023-09-12,1,True
UK752261110442,110442,youngstock,0,2023-09-14,1,True
UK752261110449,110449,youngstock,0,2023-09-17,None,False
UK752261110456,110456,youngstock,0,2023-09-23,None,False
UK752261110463,110463,youngstock,0,2023-09-26,1,True
UK752261110470,110470,youngstock,0,2023-10-02,1,True
UK752261110477,110477,youngstock,0,2023-10-05,None,False
UK752261110484,110484,youngstock,0,2023-10-08,1,True
UK752261110491,110491,youngstock,0,2023-10-14,1,True
UK752261110498,110498,youngstock,0,2023-10-17,None,False
UK752261110603,110603,youngstock,0,2023-10-20,1,True
UK752261110610,110610,youngstock,0,2023-10-22,1,True
UK752261110617,110617,youngstock,0,2023-10-24,1,True
UK752261110624,110624,youngstock,0,2023-10-28,1,True
UK752261110631,110631,youngstock,0,2023-10-31,1,True
UK752261110638,110638,youngstock,0,2023-11-02,1,True
UK752261110645,110645,youngstock,0,2023-11-03,None,False
UK752261110652,110652,youngstock,0,2023-11-06,1,True
UK752261110659,110659,youngstock,0,2023-11-07,1,True
UK752261110666,110666,youngstock,0,2023-11-09,1,True
UK752261110673,110673,youngstock,0,2023-11-11,1,True
UK752261110680,110680,youngstock,0,2023-11-16,1,True
UK752261110687,110687,youngstock,0,2023-11-18,1,True
UK752261110694,110694,youngstock,0,2023-11-25,None,False
UK752261110701,110701,youngstock,0,2023-11-27,None,False
UK752261110708,110708,youngstock,0,2023-11-30,1,True
UK752261110715,110715,youngstock,0,2023-12-03,None,False
UK752261110722,110722,youngstock,0,2023-12-08,None,False
UK752261110729,110729,youngstock,0,2023-12-11,None,False
UK752261110736,110736,youngstock,0,2023-12-14,1,True
UK752261110743,110743,youngstock,0,2023-12-15,1,True
UK752261110750,110750,youngstock,0,2023-12-19,1,True
UK752261110757,110757,youngstock,0,2023-12-22,None,False
UK752261110764,110764,youngstock,0,2023-12-25,None,False
UK752261110778,110778,youngstock,0,2023-12-31,1,True
UK752261110785,110785,youngstock,0,2024-01-04,1,True
UK752261110792,110792,youngstock,0,2024-01-05,None,False
UK752261110799,110799,youngstock,0,2024-01-09,1,True
UK752261110904,110904,youngstock,0,2024-01-11,1,True
UK752261110925,110925,youngstock,0,2024-01-23,1,True
UK752261110932,110932,youngstock,0,2024-01-27,1,True
UK752261110939,110939,youngstock,0,2024-01-29,1,True
UK752261110946,110946,youngstock,0,2024-02-02,1,True
UK752261110953,110953,youngstock,0,2024-02-05,1,True
UK752261110960,110960,youngstock,0,2024-02-08,None,False
UK752261110967,110967,youngstock,0,2024-02-10,1,True
UK752261110974,110974,youngstock,0,2024-02-14,1,True
UK752261110981,110981,youngstock,0,2024-02-16,1,True
UK752261110988,110988,youngstock,0,2024-02-21,1,True
UK752261110995,110995,youngstock,0,2024-02-26,1,True
UK752261111002,111002,youngstock,0,2024-02-28,1,True
UK752261111009,111009,youngstock,0,2024-03-04,1,True
UK752261111016,111016,youngstock,0,2024-03-09,1,True
UK752261111023,111023,youngstock,0,2024-03-18,None,False
UK752261111030,111030,youngstock,0,2024-03-24,1,True
UK752261111037,111037,youngstock,0,2024-03-29,1,True
UK752261111044,111044,youngstock,0,2024-04-01,1,True
UK752261111051,111051,youngstock,0,2024-04-05,None,False
UK752261111058,111058,youngstock,0,2024-04-11,None,False
UK752261111065,111065,youngstock,0,2024-04-16,1,True
UK752261111072,111072,youngstock,0,2024-04-19,1,True
UK752261111079,111079,youngstock,0,2024-04-25,None,False
UK752261111093,111093,youngstock,0,2024-05-01,1,True
UK752261111100,111100,youngstock,0,2024-05-04,None,False
UK752261111205,111205,youngstock,0,2024-05-06,1,True
UK752261111212,111212,youngstock,0,2024-05-08,None,False
UK752261111219,111219,youngstock,0,2024-05-10,0,True
UK752261111226,111226,youngstock,0,2024-05-13,1,True
UK752261111233,111233,youngstock,0,2024-05-17,1,True
UK752261111240,111240,youngstock,0,2024-05-22,None,False
UK752261111254,111254,youngstock,0,2024-06-01,1,True
UK752261111261,111261,youngstock,0,2024-06-06,None,False
UK752261111282,111282,youngstock,0,2024-06-21,None,False
UK752261111303,111303,youngstock,0,2024-07-08,None,False
UK752261111310,111310,youngstock,0,2024-07-11,0,True
UK752261111317,111317,youngstock,0,2024-07-15,0,True
UK752261111324,111324,youngstock,0,2024-07-18,1,True
UK752261111331,111331,youngstock,0,2024-07-20,0,True
UK752261111366,111366,youngstock,0,2024-08-04,0,True
UK752261111373,111373,youngstock,0,2024-08-06,0,True
UK752261111380,111380,youngstock,0,2024-08-09,0,True
UK752261111387,111387,youngstock,0,2024-08-13,0,True
UK752261111394,111394,youngstock,0,2024-08-16,0,True
UK752261111401,111401,youngstock,0,2024-08-17,0,True
UK752261111408,111408,youngstock,0,2024-08-24,0,True
UK752261111415,111415,youngstock,0,2024-08-25,0,True
UK752261111422,111422,youngstock,0,2024-08-31,0,True
UK752261111429,111429,youngstock,0,2024-09-04,0,True
UK752261111436,111436,youngstock,0,2024-09-06,0,True
UK752261111443,111443,youngstock,0,2024-09-13,0,True
UK752261111450,111450,youngstock,0,2024-09-18,0,True
UK752261111457,111457,youngstock,0,2024-09-20,0,True
UK752261111464,111464,youngstock,0,2024-09-22,0,True
UK752261111471,111471,youngstock,0,2024-09-25,0,True
UK752261111478,111478,youngstock,0,2024-09-26,0,True
UK752261111485,111485,youngstock,0,2024-09-30,0,True
UK752261111492,111492,youngstock,0,2024-10-02,0,True
UK752261111499,111499,youngstock,0,2024-10-04,0,True
UK752261111604,111604,youngstock,0,2024-10-06,0,True
UK752261111611,111611,youngstock,0,2024-10-10,0,True
UK752261111618,111618,youngstock,0,2024-10-12,0,True
UK752261111625,111625,youngstock,0,2024-10-14,0,True
UK752261111632,111632,youngstock,0,2024-10-16,0,True
UK752261111639,111639,youngstock,0,2024-10-18,0,True
UK752261111646,111646,youngstock,0,2024-10-24,0,True
UK752261111653,111653,youngstock,0,2024-10-29,None,False
UK752261111660,111660,youngstock,0,2024-11-01,0,True
UK752261111667,111667,youngstock,0,2024-11-03,0,True
UK752261111674,111674,youngstock,0,2024-11-05,0,True
UK752261111681,111681,youngstock,0,2024-11-08,0,True
UK752261111688,111688,youngstock,0,2024-11-12,0,True
UK752261111695,111695,youngstock,0,2024-11-16,0,True
UK752261111702,111702,youngstock,0,2024-11-22,0,True
UK752261111709,111709,youngstock,0,2024-11-25,0,True
UK752261111716,111716,youngstock,0,2024-11-27,0,True
UK752261111723,111723,youngstock,0,2024-11-29,0,True
UK752261111730,111730,youngstock,0,2024-12-06,None,False
UK752261111737,111737,youngstock,0,2024-12-09,0,True
UK752261111744,111744,youngstock,0,2024-12-12,None,False
UK752261111751,111751,youngstock,0,2024-12-17,0,True
UK752261111758,111758,youngstock,0,2024-12-20,0,True
UK752261111765,111765,youngstock,0,2024-12-23,None,False
UK752261111772,111772,youngstock,0,2024-12-29,0,True
UK752261111779,111779,youngstock,0,2024-12-31,0,True
UK752261209323,123,youngstock,0,2022-02-15,None,False
UK752261209365,361,youngstock,0,2022-03-17,None,False
UK752261209722,21750,youngstock,1,2022-10-16,None,False
UK752261209750,209750,youngstock,0,2022-10-31,2,True
UK752261209918,949,youngstock,0,2022-12-12,None,False
UK752261209995,209995,youngstock,0,2023-01-17,None,False
UK752261210009,210009,youngstock,0,2023-01-28,None,False
UK752261210016,828,youngstock,0,2023-02-03,None,False
UK752261210030,210030,youngstock,0,2023-02-11,2,True
UK752261210044,210044,youngstock,0,2023-02-18,None,False
UK752261210058,210058,youngstock,0,2023-03-03,None,False
UK752261210065,224,youngstock,0,2023-03-06,None,False
UK752261210072,210072,youngstock,0,2023-03-09,None,False
UK752261210079,210079,youngstock,0,2023-03-12,2,True
UK752261210086,210086,youngstock,0,2023-03-15,1,True
UK752261210100,210100,youngstock,0,2023-03-20,None,False
UK752261210107,210107,youngstock,0,2023-03-24,2,True
UK752261210114,210114,youngstock,0,2023-03-28,None,False
UK752261210121,210121,youngstock,0,2023-04-04,None,False
UK752261210128,210128,youngstock,0,2023-04-08,None,False
UK752261210135,210135,youngstock,0,2023-04-15,None,False
UK752261210142,210142,youngstock,0,2023-04-20,None,False
UK752261210149,210149,youngstock,0,2023-04-22,1,True
UK752261210163,210163,youngstock,0,2023-04-30,1,True
UK752261210177,210177,youngstock,0,2023-05-11,1,True
UK752261210184,210184,youngstock,0,2023-05-15,1,True
UK752261210191,210191,youngstock,0,2023-05-19,None,False
UK752261210198,210198,youngstock,0,2023-05-26,1,True
UK752261210205,210205,youngstock,0,2023-05-28,1,True
UK752261210212,210212,youngstock,0,2023-05-31,None,False
UK752261210219,210219,youngstock,0,2023-06-05,None,False
UK752261210226,210226,youngstock,0,2023-06-06,None,False
UK752261210233,210233,youngstock,0,2023-06-08,1,True
UK752261210254,210254,youngstock,0,2023-06-16,1,True
UK752261210261,210261,youngstock,0,2023-06-20,None,False
UK752261210268,210268,youngstock,0,2023-06-25,2,True
UK752261210275,210275,youngstock,0,2023-07-01,1,True
UK752261210282,210282,youngstock,0,2023-07-06,1,True
UK752261210289,210289,youngstock,0,2023-07-10,1,True
UK752261210296,210296,youngstock,0,2023-07-19,1,True
UK752261210303,210303,youngstock,0,2023-07-22,1,True
UK752261210310,210310,youngstock,0,2023-07-24,None,False
UK752261210317,210317,youngstock,0,2023-07-27,1,True
UK752261210324,210324,youngstock,0,2023-07-29,None,False
UK752261210331,210331,youngstock,0,2023-08-03,2,True
UK752261210338,210338,youngstock,0,2023-08-05,1,True
UK752261210345,210345,youngstock,0,2023-08-09,None,False
UK752261210352,210352,youngstock,0,2023-08-12,1,True
UK752261210359,210359,youngstock,0,2023-08-13,1,True
UK752261210366,210366,youngstock,0,2023-08-15,None,False
UK752261210373,210373,youngstock,0,2023-08-17,None,False
UK752261210380,210380,youngstock,0,2023-08-19,None,False
UK752261210387,210387,youngstock,0,2023-08-20,1,True
UK752261210394,210394,youngstock,0,2023-08-22,1,True
UK752261210401,210401,youngstock,0,2023-08-26,None,False
UK752261210408,210408,youngstock,0,2023-08-27,1,True
UK752261210415,210415,youngstock,0,2023-08-30,1,True
UK752261210422,210422,youngstock,0,2023-09-03,1,True
UK752261210429,210429,youngstock,0,2023-09-08,1,True
UK752261210436,210436,youngstock,0,2023-09-12,None,False
UK752261210443,210443,youngstock,0,2023-09-14,None,False
UK752261210450,210450,youngstock,0,2023-09-17,1,True
UK752261210457,210457,youngstock,0,2023-09-24,None,False
UK752261210464,210464,youngstock,0,2023-09-27,None,False
UK752261210471,210471,youngstock,0,2023-10-02,None,False
UK752261210478,210478,youngstock,0,2023-10-06,None,False
UK752261210485,210485,youngstock,0,2023-10-08,None,False
UK752261210492,210492,youngstock,0,2023-10-14,None,False
UK752261210499,210499,youngstock,0,2023-10-18,1,True
UK752261210604,210604,youngstock,0,2023-10-20,1,True
UK752261210611,210611,youngstock,0,2023-10-22,None,False
UK752261210618,210618,youngstock,0,2023-10-25,1,True
UK752261210625,210625,youngstock,0,2023-10-28,1,True
UK752261210632,210632,youngstock,0,2023-11-01,1,True
UK752261210639,210639,youngstock,0,2023-11-02,None,False
UK752261210646,210646,youngstock,0,2023-11-05,1,True
UK752261210653,210653,youngstock,0,2023-11-06,1,True
UK752261210660,210660,youngstock,0,2023-11-08,None,False
UK752261210667,210667,youngstock,0,2023-11-10,None,False
UK752261210674,210674,youngstock,0,2023-11-13,None,False
UK752261210681,210681,youngstock,0,2023-11-16,None,False
UK752261210688,210688,youngstock,0,2023-11-20,None,False
UK752261210695,210695,youngstock,0,2023-11-25,None,False
UK752261210702,210702,youngstock,0,2023-11-27,1,True
UK752261210709,210709,youngstock,0,2023-11-30,1,True
UK752261210716,210716,youngstock,0,2023-12-04,1,True
UK752261210723,210723,youngstock,0,2023-12-08,None,False
UK752261210730,210730,youngstock,0,2023-12-12,None,False
UK752261210737,210737,youngstock,0,2023-12-14,1,True
UK752261210744,210744,youngstock,0,2023-12-16,None,False
UK752261210751,210751,youngstock,0,2023-12-20,1,True
UK752261210758,210758,youngstock,0,2023-12-22,None,False
UK752261210765,210765,youngstock,0,2023-12-25,1,True
UK752261210772,210772,youngstock,0,2023-12-27,1,True
UK752261210779,210779,youngstock,0,2024-01-01,1,True
UK752261210786,210786,youngstock,0,2024-01-04,None,False
UK752261210800,210800,youngstock,0,2024-01-09,1,True
UK752261210905,210905,youngstock,0,2024-01-11,1,True
UK752261210912,210912,youngstock,0,2024-01-12,1,True
UK752261210919,210919,youngstock,0,2024-01-20,1,True
UK752261210926,210926,youngstock,0,2024-01-23,None,False
UK752261210933,210933,youngstock,0,2024-01-27,1,True
UK752261210940,210940,youngstock,0,2024-01-29,None,False
UK752261210947,210947,youngstock,0,2024-02-14,1,True
UK752261210954,210954,youngstock,0,2024-02-06,None,False
UK752261210968,210968,youngstock,0,2024-02-11,1,True
UK752261210975,210975,youngstock,0,2024-02-14,None,False
UK752261210982,210982,youngstock,0,2024-02-18,1,True
UK752261210989,210989,youngstock,0,2024-02-22,None,False
UK752261210996,210996,youngstock,0,2024-02-26,None,False
UK752261211003,211003,youngstock,0,2024-02-28,None,False
UK752261211010,211010,youngstock,0,2024-03-05,1,True
UK752261211024,211024,youngstock,0,2024-03-18,1,True
UK752261211031,211031,youngstock,0,2024-03-26,1,True
UK752261211038,211038,youngstock,0,2024-03-29,None,False
UK752261211045,211045,youngstock,0,2024-04-02,1,True
UK752261211052,211052,youngstock,0,2024-04-05,1,True
UK752261211059,211059,youngstock,0,2024-04-11,1,True
UK752261211066,211066,youngstock,0,2024-04-16,None,False
UK752261211073,211073,youngstock,0,2024-04-19,1,True
UK752261211080,211080,youngstock,0,2024-04-25,1,True
UK752261211087,211087,youngstock,0,2024-04-29,1,True
UK752261211213,211213,youngstock,0,2024-05-08,None,False
UK752261211220,211220,youngstock,0,2024-05-10,1,True
UK752261211227,211227,youngstock,0,2024-05-14,None,False
UK752261211234,211234,youngstock,0,2024-05-18,1,True
UK752261211241,211241,youngstock,0,2024-05-22,1,True
UK752261211248,211248,youngstock,0,2024-05-27,1,True
UK752261211311,211311,youngstock,0,2024-07-11,None,False
UK752261211332,211332,youngstock,0,2024-07-20,0,True
UK752261211346,211346,youngstock,0,2024-07-28,0,True
UK752261211367,211367,youngstock,0,2024-08-05,0,True
UK752261211381,211381,youngstock,0,2024-08-10,0,True
UK752261211388,211388,youngstock,0,2024-08-13,0,True
UK752261211395,211395,youngstock,0,2024-08-16,0,True
UK752261211402,211402,youngstock,0,2024-08-17,0,True
UK752261211409,211409,youngstock,0,2024-08-24,0,True
UK752261211416,211416,youngstock,0,2024-08-25,0,True
UK752261211423,211423,youngstock,0,2024-09-01,0,True
UK752261211430,211430,youngstock,0,2024-09-04,0,True
UK752261211437,211437,youngstock,0,2024-09-08,0,True
UK752261211444,211444,youngstock,0,2024-09-13,0,True
UK752261211451,211451,youngstock,0,2024-09-18,0,True
UK752261211458,211458,youngstock,0,2024-09-20,None,False
UK752261211465,211465,youngstock,0,2024-09-23,0,True
UK752261211472,211472,youngstock,0,2024-09-25,0,True
UK752261211479,211479,youngstock,0,2024-09-27,0,True
UK752261211486,211486,youngstock,0,2024-10-01,0,True
UK752261211493,211493,youngstock,0,2024-10-02,0,True
UK752261211500,211500,youngstock,0,2024-10-04,0,True
UK752261211605,211605,youngstock,0,2024-10-06,0,True
UK752261211612,211612,youngstock,0,2024-10-10,0,True
UK752261211619,211619,youngstock,0,2024-10-13,None,False
UK752261211626,211626,youngstock,0,2024-10-15,0,True
UK752261211633,211633,youngstock,0,2024-10-17,0,True
UK752261211640,211640,youngstock,0,2024-10-19,0,True
UK752261211647,211647,youngstock,0,2024-10-24,None,False
UK752261211654,211654,youngstock,0,2024-10-29,0,True
UK752261211661,211661,youngstock,0,2024-11-02,0,True
UK752261211668,211668,youngstock,0,2024-11-03,0,True
UK752261211675,211675,youngstock,0,2024-11-06,0,True
UK752261211682,211682,youngstock,0,2024-11-09,0,True
UK752261211689,211689,youngstock,0,2024-11-13,0,True
UK752261211696,211696,youngstock,0,2024-11-16,None,False
UK752261211703,211703,youngstock,0,2024-11-22,None,False
UK752261211710,211710,youngstock,0,2024-11-25,0,True
UK752261211717,211717,youngstock,0,2024-11-27,0,True
UK752261211724,211724,youngstock,0,2024-11-30,0,True
UK752261211731,211731,youngstock,0,2024-12-07,0,True
UK752261211738,211738,youngstock,0,2024-12-09,0,True
UK752261211745,211745,youngstock,0,2024-12-12,0,True
UK752261211752,211752,youngstock,0,2024-12-17,0,True
UK752261211766,211766,youngstock,0,2024-12-24,0,True
UK752261211773,211773,youngstock,0,2024-12-29,0,True
UK752261308883,89,youngstock,0,2021-12-06,None,False
UK752261309037,309037,youngstock,0,2022-01-01,3,True
UK752261309373,309373,youngstock,0,2022-03-26,3,True
UK752261309968,309968,youngstock,0,2023-01-01,None,False
UK752261309982,817,youngstock,0,2023-01-09,None,False
UK752261309989,309989,youngstock,0,2023-01-11,None,False
UK752261309996,309996,youngstock,0,2023-01-18,None,False
UK752261310003,487,youngstock,0,2023-01-26,None,False
UK752261310010,310010,youngstock,0,2023-01-30,None,False
UK752261310017,310017,youngstock,0,2023-02-03,None,False
UK752261310024,877,youngstock,0,2023-02-08,None,False
UK752261310031,310031,youngstock,0,2023-02-11,None,False
UK752261310038,310038,youngstock,0,2023-02-16,1,True
UK752261310045,855,youngstock,0,2023-02-19,None,False
UK752261310059,890,youngstock,0,2023-03-04,None,False
UK752261310066,310066,youngstock,0,2023-03-07,None,False
UK752261310073,310073,youngstock,0,2023-03-09,None,False
UK752261310080,310080,youngstock,0,2023-03-12,None,False
UK752261310087,310087,youngstock,0,2023-03-15,None,False
UK752261310094,310094,youngstock,0,2023-03-19,None,False
UK752261310101,310101,youngstock,0,2023-03-21,None,False
UK752261310108,310108,youngstock,0,2023-03-25,None,False
UK752261310122,310122,youngstock,0,2023-04-04,None,False
UK752261310136,310136,youngstock,0,2023-04-15,1,True
UK752261310143,310143,youngstock,0,2023-04-20,1,True
UK752261310150,310150,youngstock,0,2023-04-23,None,False
UK752261310157,310157,youngstock,0,2023-04-26,2,True
UK752261310164,310164,youngstock,0,2023-04-30,2,True
UK752261310171,310171,youngstock,0,2023-05-04,None,False
UK752261310178,310178,youngstock,0,2023-05-12,1,True
UK752261310192,310192,youngstock,0,2023-05-21,1,True
UK752261310206,310206,youngstock,0,2023-05-29,1,True
UK752261310213,310213,youngstock,0,2023-05-31,None,False
UK752261310220,310220,youngstock,0,2023-06-05,None,False
UK752261310227,310227,youngstock,0,2023-06-06,None,False
UK752261310234,310234,youngstock,0,2023-06-08,1,True
UK752261310241,310241,youngstock,0,2023-06-10,1,True
UK752261310255,310255,youngstock,0,2023-06-17,2,True
UK752261310269,310269,youngstock,0,2023-06-25,None,False
UK752261310276,310276,youngstock,0,2023-07-01,None,False
UK752261310283,310283,youngstock,0,2023-07-07,1,True
UK752261310290,310290,youngstock,0,2023-07-10,2,True
UK752261310297,310297,youngstock,0,2023-07-19,None,False
UK752261310304,310304,youngstock,0,2023-07-22,1,True
UK752261310311,310311,youngstock,0,2023-07-24,1,True
UK752261310318,310318,youngstock,0,2023-07-27,1,True
UK752261310325,310325,youngstock,0,2023-07-30,None,False
UK752261310332,310332,youngstock,0,2023-08-03,1,True
UK752261310339,310339,youngstock,0,2023-08-06,1,True
UK752261310353,310353,youngstock,0,2023-08-12,None,False
UK752261310360,310360,youngstock,0,2023-08-13,None,False
UK752261310367,310367,youngstock,0,2023-08-15,1,True
UK752261310374,310374,youngstock,0,2023-08-17,None,False
UK752261310381,310381,youngstock,0,2023-08-19,None,False
UK752261310388,310388,youngstock,0,2023-08-20,1,True
UK752261310395,310395,youngstock,0,2023-08-23,None,False
UK752261310402,310402,youngstock,0,2023-08-26,1,True
UK752261310409,310409,youngstock,0,2023-08-27,None,False
UK752261310416,310416,youngstock,0,2023-08-30,None,False
UK752261310423,310423,youngstock,0,2023-09-05,None,False
UK752261310437,310437,youngstock,0,2023-09-13,None,False
UK752261310444,310444,youngstock,0,2023-09-15,1,True
UK752261310451,310451,youngstock,0,2023-09-18,None,False
UK752261310458,310458,youngstock,0,2023-09-25,None,False
UK752261310465,310465,youngstock,0,2023-09-27,1,True
UK752261310472,310472,youngstock,0,2023-10-02,1,True
UK752261310479,310479,youngstock,0,2023-10-06,1,True
UK752261310486,310486,youngstock,0,2023-10-09,1,True
UK752261310493,310493,youngstock,0,2023-10-16,None,False
UK752261310500,310500,youngstock,0,2023-10-18,None,False
UK752261310605,310605,youngstock,0,2023-10-21,None,False
UK752261310612,310612,youngstock,0,2023-10-23,None,False
UK752261310619,310619,youngstock,0,2023-10-25,None,False
UK752261310626,310626,youngstock,0,2023-10-29,1,True
UK752261310633,310633,youngstock,0,2023-11-01,1,True
UK752261310640,310640,youngstock,0,2023-11-02,None,False
UK752261310647,310647,youngstock,0,2023-11-05,1,True
UK752261310654,310654,youngstock,0,2023-11-06,None,False
UK752261310661,310661,youngstock,0,2023-11-08,1,True
UK752261310668,310668,youngstock,0,2023-11-11,None,False
UK752261310675,310675,youngstock,0,2023-11-13,1,True
UK752261310682,310682,youngstock,0,2023-11-16,1,True
UK752261310689,310689,youngstock,0,2023-11-21,None,False
UK752261310696,310696,youngstock,0,2023-11-25,None,False
UK752261310703,310703,youngstock,0,2023-11-28,1,True
UK752261310710,310710,youngstock,0,2023-11-30,1,True
UK752261310717,310717,youngstock,0,2023-12-05,None,False
UK752261310724,310724,youngstock,0,2023-12-09,1,True
UK752261310731,310731,youngstock,0,2023-12-12,1,True
UK752261310738,310738,youngstock,0,2023-12-14,1,True
UK752261310745,310745,youngstock,0,2023-12-17,None,False
UK752261310752,310752,youngstock,0,2023-12-20,1,True
UK752261310759,310759,youngstock,0,2023-12-23,None,False
UK752261310766,310766,youngstock,0,2023-12-25,1,True
UK752261310773,310773,youngstock,0,2023-12-29,1,True
UK752261310780,310780,youngstock,0,2024-01-01,1,True
UK752261310787,310787,youngstock,0,2024-01-04,1,True
UK752261310794,310794,youngstock,0,2024-01-08,1,True
UK752261310906,310906,youngstock,0,2024-01-11,1,True
UK752261310913,310913,youngstock,0,2024-01-13,1,True
UK752261310920,310920,youngstock,0,2024-01-20,1,True
UK752261310927,310927,youngstock,0,2024-01-25,1,True
UK752261310934,310934,youngstock,0,2024-01-28,None,False
UK752261310941,310941,youngstock,0,2024-01-31,None,False
UK752261310948,310948,youngstock,0,2024-02-02,1,True
UK752261310955,310955,youngstock,0,2024-02-06,1,True
UK752261310962,310962,youngstock,0,2024-02-09,1,True
UK752261310969,310969,youngstock,0,2024-02-11,1,True
UK752261310976,310976,youngstock,0,2024-02-15,1,True
UK752261310983,310983,youngstock,0,2024-02-18,1,True
UK752261310990,310990,youngstock,0,2024-02-22,None,False
UK752261310997,310997,youngstock,0,2024-02-26,1,True
UK752261311004,311004,youngstock,0,2024-02-28,1,True
UK752261311011,311011,youngstock,0,2024-03-05,1,True
UK752261311018,311018,youngstock,0,2024-03-11,1,True
UK752261311025,311025,youngstock,0,2024-03-18,1,True
UK752261311032,311032,youngstock,0,2024-03-28,1,True
UK752261311039,311039,youngstock,0,2024-03-30,1,True
UK752261311046,311046,youngstock,0,2024-04-04,1,True
UK752261311067,311067,youngstock,0,2024-04-17,0,True
UK752261311074,311074,youngstock,0,2024-04-21,1,True
UK752261311088,311088,youngstock,0,2024-04-29,1,True
UK752261311095,311095,youngstock,0,2024-05-01,1,True
UK752261311207,311207,youngstock,0,2024-05-06,None,False
UK752261311214,311214,youngstock,0,2024-05-09,0,True
UK752261311221,311221,youngstock,0,2024-05-11,1,True
UK752261311228,311228,youngstock,0,2024-05-14,1,True
UK752261311235,311235,youngstock,0,2024-05-18,None,False
UK752261311249,311249,youngstock,0,2024-05-29,1,True
UK752261311263,311263,youngstock,0,2024-06-06,1,True
UK752261311284,311284,youngstock,0,2024-06-22,None,False
UK752261311319,311319,youngstock,0,2024-07-15,0,True
UK752261311340,311340,youngstock,0,2024-07-24,None,False
UK752261311368,311368,youngstock,0,2024-08-05,0,True
UK752261311382,311382,youngstock,0,2024-08-10,0,True
UK752261311389,311389,youngstock,0,2024-08-14,None,False
UK752261311396,311396,youngstock,0,2024-08-16,0,True
UK752261311403,311403,youngstock,0,2024-08-18,0,True
UK752261311410,311410,youngstock,0,2024-08-24,0,True
UK752261311417,311417,youngstock,0,2024-08-26,None,False
UK752261311424,311424,youngstock,0,2024-09-01,0,True
UK752261311431,311431,youngstock,0,2024-09-04,0,True
UK752261311438,311438,youngstock,0,2024-09-10,None,False
UK752261311445,311445,youngstock,0,2024-09-15,0,True
UK752261311452,311452,youngstock,0,2024-09-18,0,True
UK752261311459,311459,youngstock,0,2024-09-20,0,True
UK752261311466,311466,youngstock,0,2024-09-24,0,True
UK752261311473,311473,youngstock,0,2024-09-25,0,True
UK752261311480,311480,youngstock,0,2024-09-27,0,True
UK752261311487,311487,youngstock,0,2024-10-01,0,True
UK752261311494,311494,youngstock,0,2024-10-02,0,True
UK752261311606,311606,youngstock,0,2024-10-07,0,True
UK752261311613,311613,youngstock,0,2024-10-11,0,True
UK752261311620,311620,youngstock,0,2024-10-13,0,True
UK752261311627,311627,youngstock,0,2024-10-15,0,True
UK752261311634,311634,youngstock,0,2024-10-17,0,True
UK752261311641,311641,youngstock,0,2024-10-19,0,True
UK752261311648,311648,youngstock,0,2024-10-25,0,True
UK752261311655,311655,youngstock,0,2024-10-29,0,True
UK752261311662,311662,youngstock,0,2024-11-02,0,True
UK752261311669,311669,youngstock,0,2024-11-03,0,True
UK752261311676,311676,youngstock,0,2024-11-06,0,True
UK752261311683,311683,youngstock,0,2024-11-09,None,False
UK752261311690,311690,youngstock,0,2024-11-13,0,True
UK752261311697,311697,youngstock,0,2024-11-17,0,True
UK752261311704,311704,youngstock,0,2024-11-22,0,True
UK752261311711,311711,youngstock,0,2024-11-25,0,True
UK752261311718,311718,youngstock,0,2024-11-27,0,True
UK752261311725,311725,youngstock,0,2024-12-01,0,True
UK752261311732,311732,youngstock,0,2024-12-07,None,False
UK752261311739,311739,youngstock,0,2024-12-09,0,True
UK752261311746,311746,youngstock,0,2024-12-14,None,False
UK752261311753,311753,youngstock,0,2024-12-18,0,True
UK752261311760,311760,youngstock,0,2024-12-21,0,True
UK752261311767,311767,youngstock,0,2024-12-25,0,True
UK752261311774,311774,youngstock,0,2024-12-29,0,True
UK752261409059,496,youngstock,0,2022-01-11,None,False
UK752261409360,287,youngstock,0,2022-03-15,None,False
UK752261409388,208,youngstock,0,2022-04-08,None,False
UK752261409430,409430,youngstock,0,2022-05-25,3,True
UK752261409773,815,youngstock,0,2022-11-13,2,True
UK752261409948,291,youngstock,0,2022-12-25,2,True
UK752261409962,844,youngstock,0,2022-12-30,None,False
UK752261410011,83,youngstock,0,2023-01-31,None,False
UK752261410018,316,youngstock,0,2023-02-04,None,False
UK752261410032,410032,youngstock,0,2023-02-13,1,True
UK752261410039,811,youngstock,0,2023-02-16,None,False
UK752261410046,410046,youngstock,0,2023-02-19,None,False
UK752261410053,410053,youngstock,0,2023-02-25,None,False
UK752261410060,947,youngstock,0,2023-03-04,None,False
UK752261410067,410067,youngstock,0,2023-03-07,None,False
UK752261410074,410074,youngstock,0,2023-03-10,None,False
UK752261410081,410081,youngstock,0,2023-03-12,1,True
UK752261410088,410088,youngstock,0,2023-03-15,None,False
UK752261410095,410095,youngstock,0,2023-03-19,None,False
UK752261410102,410102,youngstock,0,2023-03-21,None,False
UK752261410109,410109,youngstock,0,2023-03-25,None,False
UK752261410116,410116,youngstock,0,2023-03-29,2,True
UK752261410137,410137,youngstock,0,2023-04-15,None,False
UK752261410144,410144,youngstock,0,2023-04-21,None,False
UK752261410151,410151,youngstock,0,2023-04-23,1,True
UK752261410158,410158,youngstock,0,2023-04-26,None,False
UK752261410165,410165,youngstock,0,2023-04-30,None,False
UK752261410172,410172,youngstock,0,2023-05-04,1,True
UK752261410179,410179,youngstock,0,2023-05-12,None,False
UK752261410193,410193,youngstock,0,2023-05-21,1,True
UK752261410200,410200,youngstock,0,2023-05-27,1,True
UK752261410207,410207,youngstock,0,2023-05-29,None,False
UK752261410214,410214,youngstock,0,2023-06-01,None,False
UK752261410221,410221,youngstock,0,2023-06-03,1,True
UK752261410228,410228,youngstock,0,2023-06-06,2,True
UK752261410235,410235,youngstock,0,2023-06-08,None,False
UK752261410242,410242,youngstock,0,2023-06-10,None,False
UK752261410249,410249,youngstock,0,2023-06-12,1,True
UK752261410256,410256,youngstock,0,2023-06-17,1,True
UK752261410263,410263,youngstock,0,2023-06-24,2,True
UK752261410270,410270,youngstock,0,2023-06-25,1,True
UK752261410277,410277,youngstock,0,2023-07-01,1,True
UK752261410284,410284,youngstock,0,2023-07-07,None,False
UK752261410291,410291,youngstock,0,2023-07-13,None,False
UK752261410305,410305,youngstock,0,2023-07-22,1,True
UK752261410312,410312,youngstock,0,2023-07-26,None,False
UK752261410319,410319,youngstock,0,2023-07-27,None,False
UK752261410326,410326,youngstock,0,2023-07-30,None,False
UK752261410333,410333,youngstock,0,2023-08-04,1,True
UK752261410340,410340,youngstock,0,2023-08-07,1,True
UK752261410347,410347,youngstock,0,2023-08-11,1,True
UK752261410354,410354,youngstock,0,2023-08-12,1,True
UK752261410361,410361,youngstock,0,2023-08-14,None,False
UK752261410368,410368,youngstock,0,2023-08-15,1,True
UK752261410375,410375,youngstock,0,2023-08-17,1,True
UK752261410382,410382,youngstock,0,2023-08-20,None,False
UK752261410389,410389,youngstock,0,2023-08-21,None,False
UK752261410396,410396,youngstock,0,2023-08-23,1,True
UK752261410403,410403,youngstock,0,2023-08-26,None,False
UK752261410410,410410,youngstock,0,2023-08-27,None,False
UK752261410417,410417,youngstock,0,2023-09-01,1,True
UK752261410424,410424,youngstock,0,2023-09-06,1,True
UK752261410431,410431,youngstock,0,2023-09-09,1,True
UK752261410438,410438,youngstock,0,2023-09-13,1,True
UK752261410452,410452,youngstock,0,2023-09-20,1,True
UK752261410459,410459,youngstock,0,2023-09-26,None,False
UK752261410466,410466,youngstock,0,2023-09-28,None,False
UK752261410473,410473,youngstock,0,2023-10-03,1,True
UK752261410480,410480,youngstock,0,2023-10-07,None,False
UK752261410487,410487,youngstock,0,2023-10-10,1,True
UK752261410494,410494,youngstock,0,2023-10-16,None,False
UK752261410606,410606,youngstock,0,2023-10-21,1,True
UK752261410613,410613,youngstock,0,2023-10-23,1,True
UK752261410620,410620,youngstock,0,2023-10-26,1,True
UK752261410627,410627,youngstock,0,2023-10-29,1,True
UK752261410634,410634,youngstock,0,2023-11-01,1,True
UK752261410641,410641,youngstock,0,2023-11-02,1,True
UK752261410648,410648,youngstock,0,2023-11-05,1,True
UK752261410655,410655,youngstock,0,2023-11-06,1,True
UK752261410662,410662,youngstock,0,2023-11-08,None,False
UK752261410669,410669,youngstock,0,2023-11-11,None,False
UK752261410676,410676,youngstock,0,2023-11-13,1,True
UK752261410683,410683,youngstock,0,2023-11-17,1,True
UK752261410690,410690,youngstock,0,2023-11-22,None,False
UK752261410697,410697,youngstock,0,2023-11-25,None,False
UK752261410704,410704,youngstock,0,2023-11-28,1,True
UK752261410711,410711,youngstock,0,2023-12-01,None,False
UK752261410718,410718,youngstock,0,2023-12-05,None,False
UK752261410725,410725,youngstock,0,2023-12-09,1,True
UK752261410732,410732,youngstock,0,2023-12-12,1,True
UK752261410739,410739,youngstock,0,2023-12-14,1,True
UK752261410746,410746,youngstock,0,2023-12-17,None,False
UK752261410753,410753,youngstock,0,2023-12-20,1,True
UK752261410767,410767,youngstock,0,2023-12-27,1,True
UK752261410774,410774,youngstock,0,2023-12-29,1,True
UK752261410781,410781,youngstock,0,2024-01-01,1,True
UK752261410788,410788,youngstock,0,2024-01-04,None,False
UK752261410795,410795,youngstock,0,2024-01-08,1,True
UK752261410907,410907,youngstock,0,2024-01-12,1,True
UK752261410914,410914,youngstock,0,2024-01-14,1,True
UK752261410921,410921,youngstock,0,2024-01-20,1,True
UK752261410928,410928,youngstock,0,2024-01-26,None,False
UK752261410935,410935,youngstock,0,2024-01-28,1,True
UK752261410942,410942,youngstock,0,2024-01-30,1,True
UK752261410949,410949,youngstock,0,2024-02-14,1,True
UK752261410956,410956,youngstock,0,2024-02-07,1,True
UK752261410963,410963,youngstock,0,2024-02-09,1,True
UK752261410970,410970,youngstock,0,2024-02-12,1,True
UK752261410977,410977,youngstock,0,2024-02-15,0,True
UK752261410984,410984,youngstock,0,2024-02-18,1,True
UK752261410991,410991,youngstock,0,2024-02-22,1,True
UK752261410998,410998,youngstock,0,2024-02-27,None,False
UK752261411005,411005,youngstock,0,2024-02-29,1,True
UK752261411012,411012,youngstock,0,2024-03-07,1,True
UK752261411019,411019,youngstock,0,2024-03-15,1,True
UK752261411026,411026,youngstock,0,2024-03-19,1,True
UK752261411033,411033,youngstock,0,2024-03-28,1,True
UK752261411047,411047,youngstock,0,2024-04-04,1,True
UK752261411054,411054,youngstock,0,2024-04-08,1,True
UK752261411061,411061,youngstock,0,2024-04-12,1,True
UK752261411068,411068,youngstock,0,2024-04-14,1,True
UK752261411075,411075,youngstock,0,2024-04-21,1,True
UK752261411082,411082,youngstock,0,2024-04-26,None,False
UK752261411089,411089,youngstock,0,2024-04-30,None,False
UK752261411096,411096,youngstock,0,2024-05-01,1,True
UK752261411201,411201,youngstock,0,2024-05-04,1,True
UK752261411208,411208,youngstock,0,2024-05-07,1,True
UK752261411215,411215,youngstock,0,2024-05-09,0,True
UK752261411222,411222,youngstock,0,2024-05-11,None,False
UK752261411229,411229,youngstock,0,2024-05-14,1,True
UK752261411236,411236,youngstock,0,2024-05-19,None,False
UK752261411250,411250,youngstock,0,2024-05-30,0,True
UK752261411257,411257,youngstock,0,2024-06-04,1,True
UK752261411271,411271,youngstock,0,2024-06-13,0,True
UK752261411341,411341,youngstock,0,2024-07-24,None,False
UK752261411348,411348,youngstock,0,2024-07-28,0,True
UK752261411369,411369,youngstock,0,2024-08-06,0,True
UK752261411376,411376,youngstock,0,2024-08-07,0,True
UK752261411383,411383,youngstock,0,2024-08-11,None,False
UK752261411397,411397,youngstock,0,2024-08-16,0,True
UK752261411404,411404,youngstock,0,2024-08-18,0,True
UK752261411411,411411,youngstock,0,2024-08-24,0,True
UK752261411418,411418,youngstock,0,2024-08-27,0,True
UK752261411425,411425,youngstock,0,2024-09-02,0,True
UK752261411439,411439,youngstock,0,2024-09-12,0,True
UK752261411446,411446,youngstock,0,2024-09-16,0,True
UK752261411453,411453,youngstock,0,2024-09-18,0,True
UK752261411460,411460,youngstock,0,2024-09-20,0,True
UK752261411467,411467,youngstock,0,2024-09-24,0,True
UK752261411474,411474,youngstock,0,2024-09-25,0,True
UK752261411481,411481,youngstock,0,2024-09-28,0,True
UK752261411488,411488,youngstock,0,2024-10-01,0,True
UK752261411495,411495,youngstock,0,2024-10-02,0,True
UK752261411607,411607,youngstock,0,2024-10-07,0,True
UK752261411614,411614,youngstock,0,2024-10-11,0,True
UK752261411621,411621,youngstock,0,2024-10-13,0,True
UK752261411628,411628,youngstock,0,2024-10-15,0,True
UK752261411635,411635,youngstock,0,2024-10-17,0,True
UK752261411642,411642,youngstock,0,2024-10-20,0,True
UK752261411649,411649,youngstock,0,2024-10-25,None,False
UK752261411656,411656,youngstock,0,2024-10-30,0,True
UK752261411663,411663,youngstock,0,2024-11-02,0,True
UK752261411670,411670,youngstock,0,2024-11-03,0,True
UK752261411677,411677,youngstock,0,2024-11-06,0,True
UK752261411684,411684,youngstock,0,2024-11-09,0,True
UK752261411691,411691,youngstock,0,2024-11-13,0,True
UK752261411698,411698,youngstock,0,2024-11-17,0,True
UK752261411705,411705,youngstock,0,2024-11-22,0,True
UK752261411712,411712,youngstock,0,2024-11-26,0,True
UK752261411719,411719,youngstock,0,2024-11-27,0,True
UK752261411726,411726,youngstock,0,2024-12-02,0,True
UK752261411733,411733,youngstock,0,2024-12-07,0,True
UK752261411740,411740,youngstock,0,2024-12-09,None,False
UK752261411747,411747,youngstock,0,2024-12-15,0,True
UK752261411754,411754,youngstock,0,2024-12-18,0,True
UK752261411761,411761,youngstock,0,2024-12-22,0,True
UK752261411768,411768,youngstock,0,2024-12-27,0,True
UK752261411775,411775,youngstock,0,2024-12-30,None,False
UK752261508843,159,youngstock,0,2021-11-18,None,False
UK752261509354,509354,youngstock,0,2022-03-08,3,True
UK752261509382,722,youngstock,0,2022-04-01,None,False
UK752261509396,509396,youngstock,0,2022-04-19,3,True
UK752261509403,849,youngstock,0,2022-04-26,None,False
UK752261509641,144,youngstock,1,2022-08-11,None,False
UK752261509760,593,youngstock,0,2022-11-07,None,False
UK752261509935,358,youngstock,0,2022-12-19,None,False
UK752261509977,509977,youngstock,0,2023-01-06,1,True
UK752261509984,163,youngstock,0,2023-01-09,2,True
UK752261510005,510005,youngstock,0,2023-01-28,None,False
UK752261510012,510012,youngstock,0,2023-02-02,None,False
UK752261510019,342,youngstock,0,2023-02-04,None,False
UK752261510033,506,youngstock,0,2023-02-13,None,False
UK752261510040,510040,youngstock,0,2023-02-16,None,False
UK752261510047,720,youngstock,0,2023-02-20,None,False
UK752261510054,631,youngstock,0,2023-02-26,2,True
UK752261510061,510061,youngstock,0,2023-03-04,2,True
UK752261510068,510068,youngstock,0,2023-03-08,None,False
UK752261510075,510075,youngstock,0,2023-03-11,2,True
UK752261510082,510082,youngstock,0,2023-03-12,None,False
UK752261510089,510089,youngstock,0,2023-03-16,2,True
UK752261510096,510096,youngstock,0,2023-03-19,None,False
UK752261510103,510103,youngstock,0,2023-03-22,None,False
UK752261510110,510110,youngstock,0,2023-03-25,1,True
UK752261510124,510124,youngstock,0,2023-04-05,None,False
UK752261510131,510131,youngstock,0,2023-04-11,2,True
UK752261510138,510138,youngstock,0,2023-04-16,None,False
UK752261510152,510152,youngstock,0,2023-04-23,None,False
UK752261510159,510159,youngstock,0,2023-04-28,None,False
UK752261510173,510173,youngstock,0,2023-05-07,None,False
UK752261510180,510180,youngstock,0,2023-05-13,None,False
UK752261510187,510187,youngstock,0,2023-05-16,None,False
UK752261510194,510194,youngstock,0,2023-05-21,2,True
UK752261510208,510208,youngstock,0,2023-05-30,1,True
UK752261510215,510215,youngstock,0,2023-06-01,1,True
UK752261510222,510222,youngstock,0,2023-06-05,2,True
UK752261510229,510229,youngstock,0,2023-06-06,2,True
UK752261510236,510236,youngstock,0,2023-06-08,None,False
UK752261510243,510243,youngstock,0,2023-06-10,1,True
UK752261510250,510250,youngstock,0,2023-06-14,None,False
UK752261510257,510257,youngstock,0,2023-06-18,None,False
UK752261510264,510264,youngstock,0,2023-06-24,None,False
UK752261510278,510278,youngstock,0,2023-07-02,1,True
UK752261510285,510285,youngstock,0,2023-07-08,None,False
UK752261510299,510299,youngstock,0,2023-07-19,1,True
UK752261510306,510306,youngstock,0,2023-07-22,1,True
UK752261510313,510313,youngstock,0,2023-07-26,None,False
UK752261510320,510320,youngstock,0,2023-07-27,None,False
UK752261510327,510327,youngstock,0,2023-07-30,None,False
UK752261510334,510334,youngstock,0,2023-08-04,1,True
UK752261510341,510341,youngstock,0,2023-08-07,None,False
UK752261510348,510348,youngstock,0,2023-08-12,None,False
UK752261510355,510355,youngstock,0,2023-08-13,1,True
UK752261510362,510362,youngstock,0,2023-08-14,None,False
UK752261510376,510376,youngstock,0,2023-08-17,None,False
UK752261510383,510383,youngstock,0,2023-08-20,1,True
UK752261510390,510390,youngstock,0,2023-08-21,1,True
UK752261510397,510397,youngstock,0,2023-08-24,1,True
UK752261510404,510404,youngstock,0,2023-08-27,1,True
UK752261510411,510411,youngstock,0,2023-08-27,1,True
UK752261510418,510418,youngstock,0,2023-09-01,1,True
UK752261510425,510425,youngstock,0,2023-09-06,None,False
UK752261510432,510432,youngstock,0,2023-09-09,1,True
UK752261510439,510439,youngstock,0,2023-09-13,1,True
UK752261510446,510446,youngstock,0,2023-09-16,None,False
UK752261510453,510453,youngstock,0,2023-09-20,1,True
UK752261510460,510460,youngstock,0,2023-09-26,1,True
UK752261510467,510467,youngstock,0,2023-09-29,None,False
UK752261510474,510474,youngstock,0,2023-10-04,None,False
UK752261510481,510481,youngstock,0,2023-10-07,None,False
UK752261510488,510488,youngstock,0,2023-10-11,None,False
UK752261510495,510495,youngstock,0,2023-10-17,None,False
UK752261510607,510607,youngstock,0,2023-10-22,None,False
UK752261510614,510614,youngstock,0,2023-10-23,1,True
UK752261510621,510621,youngstock,0,2023-10-27,1,True
UK752261510628,510628,youngstock,0,2023-10-31,1,True
UK752261510635,510635,youngstock,0,2023-11-01,1,True
UK752261510642,510642,youngstock,0,2023-11-02,None,False
UK752261510656,510656,youngstock,0,2023-11-06,1,True
UK752261510663,510663,youngstock,0,2023-11-08,None,False
UK752261510670,510670,youngstock,0,2023-11-11,1,True
UK752261510677,510677,youngstock,0,2023-11-13,None,False
UK752261510684,510684,youngstock,0,2023-11-17,None,False
UK752261510691,510691,youngstock,0,2023-11-23,None,False
UK752261510698,510698,youngstock,0,2023-11-25,1,True
UK752261510705,510705,youngstock,0,2023-11-29,1,True
UK752261510712,510712,youngstock,0,2023-12-01,1,True
UK752261510719,510719,youngstock,0,2023-12-06,1,True
UK752261510726,510726,youngstock,0,2023-12-09,1,True
UK752261510733,510733,youngstock,0,2023-12-12,1,True
UK752261510740,510740,youngstock,0,2023-12-14,None,False
UK752261510747,510747,youngstock,0,2023-12-17,1,True
UK752261510754,510754,youngstock,0,2023-12-20,1,True
UK752261510761,510761,youngstock,0,2023-12-24,None,False
UK752261510768,510768,youngstock,0,2023-12-27,1,True
UK752261510775,510775,youngstock,0,2023-12-30,1,True
UK752261510782,510782,youngstock,0,2024-01-02,1,True
UK752261510789,510789,youngstock,0,2024-01-05,1,True
UK752261510796,510796,youngstock,0,2024-01-08,1,True
UK752261510901,510901,youngstock,0,2024-01-10,None,False
UK752261510908,510908,youngstock,0,2024-01-12,1,True
UK752261510915,510915,youngstock,0,2024-01-17,None,False
UK752261510922,510922,youngstock,0,2024-01-21,1,True
UK752261510929,510929,youngstock,0,2024-01-26,1,True
UK752261510936,510936,youngstock,0,2024-01-28,1,True
UK752261510943,510943,youngstock,0,2024-01-30,1,True
UK752261510950,510950,youngstock,0,2024-02-04,1,True
UK752261510957,510957,youngstock,0,2024-02-08,None,False
UK752261510964,510964,youngstock,0,2024-02-09,1,True
UK752261510971,510971,youngstock,0,2024-02-13,1,True
UK752261510978,510978,youngstock,0,2024-02-15,None,False
UK752261510985,510985,youngstock,0,2024-02-20,1,True
UK752261510992,510992,youngstock,0,2024-02-22,1,True
UK752261510999,510999,youngstock,0,2024-02-27,None,False
UK752261511006,511006,youngstock,0,2024-03-01,1,True
UK752261511020,511020,youngstock,0,2024-03-15,1,True
UK752261511034,511034,youngstock,0,2024-03-28,None,False
UK752261511041,511041,youngstock,0,2024-03-31,1,True
UK752261511048,511048,youngstock,0,2024-04-05,1,True
UK752261511062,511062,youngstock,0,2024-04-14,1,True
UK752261511069,511069,youngstock,0,2024-04-17,1,True
UK752261511097,511097,youngstock,0,2024-05-01,0,True
UK752261511202,511202,youngstock,0,2024-05-05,1,True
UK752261511209,511209,youngstock,0,2024-05-07,1,True
UK752261511216,511216,youngstock,0,2024-05-09,1,True
UK752261511223,511223,youngstock,0,2024-05-12,1,True
UK752261511230,511230,youngstock,0,2024-05-15,1,True
UK752261511237,511237,youngstock,0,2024-05-20,1,True
UK752261511244,511244,youngstock,0,2024-05-24,1,True
UK752261511258,511258,youngstock,0,2024-06-04,1,True
UK752261511272,511272,youngstock,0,2024-06-14,0,True
UK752261511286,511286,youngstock,0,2024-06-23,0,True
UK752261511300,511300,youngstock,0,2024-07-07,None,False
UK752261511314,511314,youngstock,0,2024-07-13,0,True
UK752261511335,511335,youngstock,0,2024-07-22,0,True
UK752261511342,511342,youngstock,0,2024-07-26,1,True
UK752261511349,511349,youngstock,0,2024-07-30,None,False
UK752261511356,511356,youngstock,0,2024-07-31,0,True
UK752261511363,511363,youngstock,0,2024-08-03,0,True
UK752261511384,511384,youngstock,0,2024-08-11,0,True
UK752261511391,511391,youngstock,0,2024-08-14,0,True
UK752261511398,511398,youngstock,0,2024-08-16,0,True
UK752261511405,511405,youngstock,0,2024-08-20,0,True
UK752261511412,511412,youngstock,0,2024-08-24,0,True
UK752261511419,511419,youngstock,0,2024-08-30,0,True
UK752261511426,511426,youngstock,0,2024-09-02,None,False
UK752261511433,511433,youngstock,0,2024-09-06,None,False
UK752261511440,511440,youngstock,0,2024-09-12,0,True
UK752261511447,511447,youngstock,0,2024-09-16,0,True
UK752261511454,511454,youngstock,0,2024-09-19,0,True
UK752261511461,511461,youngstock,0,2024-09-20,0,True
UK752261511468,511468,youngstock,0,2024-09-25,None,False
UK752261511475,511475,youngstock,0,2024-09-25,0,True
UK752261511482,511482,youngstock,0,2024-09-28,0,True
UK752261511489,511489,youngstock,0,2024-10-02,0,True
UK752261511496,511496,youngstock,0,2024-10-03,0,True
UK752261511601,511601,youngstock,0,2024-10-04,0,True
UK752261511608,511608,youngstock,0,2024-10-07,None,False
UK752261511615,511615,youngstock,0,2024-10-11,0,True
UK752261511622,511622,youngstock,0,2024-10-13,0,True
UK752261511629,511629,youngstock,0,2024-10-15,0,True
UK752261511636,511636,youngstock,0,2024-10-18,0,True
UK752261511643,511643,youngstock,0,2024-10-21,0,True
UK752261511650,511650,youngstock,0,2024-10-28,None,False
UK752261511657,511657,youngstock,0,2024-10-30,0,True
UK752261511664,511664,youngstock,0,2024-11-02,0,True
UK752261511671,511671,youngstock,0,2024-11-04,0,True
UK752261511678,511678,youngstock,0,2024-11-07,0,True
UK752261511685,511685,youngstock,0,2024-11-10,0,True
UK752261511692,511692,youngstock,0,2024-11-14,0,True
UK752261511699,511699,youngstock,0,2024-11-18,0,True
UK752261511706,511706,youngstock,0,2024-11-24,0,True
UK752261511713,511713,youngstock,0,2024-11-26,0,True
UK752261511720,511720,youngstock,0,2024-11-28,0,True
UK752261511727,511727,youngstock,0,2024-12-04,None,False
UK752261511734,511734,youngstock,0,2024-12-14,0,True
UK752261511741,511741,youngstock,0,2024-12-09,0,True
UK752261511748,511748,youngstock,0,2024-12-16,0,True
UK752261511755,511755,youngstock,0,2024-12-19,0,True
UK752261511762,511762,youngstock,0,2024-12-22,0,True
UK752261511769,511769,youngstock,0,2024-12-22,0,True
UK752261511776,511776,youngstock,0,2024-12-30,0,True
UK752261609327,609327,youngstock,0,2022-02-19,3,True
UK752261609362,609362,youngstock,0,2022-03-16,2,True
UK752261609397,609397,youngstock,0,2022-04-19,3,True
UK752261609439,609439,youngstock,0,2022-05-31,2,True
UK752261609712,564,youngstock,0,2022-10-06,2,True
UK752261609943,609943,youngstock,0,2022-12-23,None,False
UK752261609950,609950,youngstock,0,2022-12-26,None,False
UK752261609971,609971,youngstock,0,2023-01-02,None,False
UK752261609999,629,youngstock,0,2023-01-22,None,False
UK752261610006,610006,youngstock,0,2023-01-28,2,True
UK752261610013,18,youngstock,0,2023-02-02,None,False
UK752261610020,610020,youngstock,0,2023-02-05,2,True
UK752261610027,610027,youngstock,0,2023-02-09,2,True
UK752261610041,642,youngstock,0,2023-02-17,None,False
UK752261610048,610048,youngstock,0,2023-02-21,None,False
UK752261610055,610055,youngstock,0,2023-02-26,None,False
UK752261610062,610062,youngstock,0,2023-03-05,2,True
UK752261610069,610069,youngstock,0,2023-03-08,1,True
UK752261610083,610083,youngstock,0,2023-03-13,None,False
UK752261610090,610090,youngstock,0,2023-03-17,None,False
UK752261610097,610097,youngstock,0,2023-03-20,2,True
UK752261610104,610104,youngstock,0,2023-03-22,None,False
UK752261610118,610118,youngstock,0,2023-04-01,2,True
UK752261610125,610125,youngstock,0,2023-04-07,None,False
UK752261610132,610132,youngstock,0,2023-04-14,None,False
UK752261610139,610139,youngstock,0,2023-04-17,2,True
UK752261610146,610146,youngstock,0,2023-04-21,2,True
UK752261610160,610160,youngstock,0,2023-04-28,None,False
UK752261610167,610167,youngstock,0,2023-05-01,2,True
UK752261610174,610174,youngstock,0,2023-05-08,None,False
UK752261610181,610181,youngstock,0,2023-05-13,1,True
UK752261610195,610195,youngstock,0,2023-05-21,None,False
UK752261610202,610202,youngstock,0,2023-05-27,1,True
UK752261610209,610209,youngstock,0,2023-05-30,None,False
UK752261610216,610216,youngstock,0,2023-06-01,1,True
UK752261610223,610223,youngstock,0,2023-06-05,2,True
UK752261610237,610237,youngstock,0,2023-06-09,2,True
UK752261610244,610244,youngstock,0,2023-06-11,1,True
UK752261610251,610251,youngstock,0,2023-06-14,1,True
UK752261610258,610258,youngstock,0,2023-06-19,1,True
UK752261610265,610265,youngstock,0,2023-06-24,1,True
UK752261610272,610272,youngstock,0,2023-06-25,1,True
UK752261610279,610279,youngstock,0,2023-07-03,None,False
UK752261610286,610286,youngstock,0,2023-07-08,2,True
UK752261610293,610293,youngstock,0,2023-07-15,None,False
UK752261610300,610300,youngstock,0,2023-07-19,1,True
UK752261610307,610307,youngstock,0,2023-07-22,1,True
UK752261610321,610321,youngstock,0,2023-07-28,None,False
UK752261610328,610328,youngstock,0,2023-08-01,None,False
UK752261610335,610335,youngstock,0,2023-08-05,None,False
UK752261610342,610342,youngstock,0,2023-08-07,None,False
UK752261610349,610349,youngstock,0,2023-08-12,1,True
UK752261610356,610356,youngstock,0,2023-08-13,1,True
UK752261610363,610363,youngstock,0,2023-08-14,None,False
UK752261610370,610370,youngstock,0,2023-08-16,None,False
UK752261610377,610377,youngstock,0,2023-08-17,1,True
UK752261610384,610384,youngstock,0,2023-08-20,None,False
UK752261610391,610391,youngstock,0,2023-08-22,None,False
UK752261610398,610398,youngstock,0,2023-08-24,None,False
UK752261610405,610405,youngstock,0,2023-08-27,None,False
UK752261610412,610412,youngstock,0,2023-08-29,1,True
UK752261610419,610419,youngstock,0,2023-09-01,1,True
UK752261610426,610426,youngstock,0,2023-09-07,1,True
UK752261610433,610433,youngstock,0,2023-09-10,1,True
UK752261610440,610440,youngstock,0,2023-09-13,1,True
UK752261610447,610447,youngstock,0,2023-09-16,None,False
UK752261610454,610454,youngstock,0,2023-09-21,None,False
UK752261610461,610461,youngstock,0,2023-09-26,None,False
UK752261610468,610468,youngstock,0,2023-09-30,None,False
UK752261610475,610475,youngstock,0,2023-10-04,1,True
UK752261610482,610482,youngstock,0,2023-10-07,None,False
UK752261610489,610489,youngstock,0,2023-10-13,1,True
UK752261610496,610496,youngstock,0,2023-10-17,None,False
UK752261610601,610601,youngstock,0,2023-10-19,1,True
UK752261610608,610608,youngstock,0,2023-10-22,1,True
UK752261610615,610615,youngstock,0,2023-10-24,None,False
UK752261610622,610622,youngstock,0,2023-10-27,None,False
UK752261610629,610629,youngstock,0,2023-10-31,None,False
UK752261610636,610636,youngstock,0,2023-11-01,1,True
UK752261610643,610643,youngstock,0,2023-11-03,None,False
UK752261610650,610650,youngstock,0,2023-11-05,None,False
UK752261610664,610664,youngstock,0,2023-11-08,None,False
UK752261610678,610678,youngstock,0,2023-11-14,None,False
UK752261610685,610685,youngstock,0,2023-11-18,None,False
UK752261610692,610692,youngstock,0,2023-11-24,1,True
UK752261610699,610699,youngstock,0,2023-11-25,1,True
UK752261610706,610706,youngstock,0,2023-11-30,1,True
UK752261610713,610713,youngstock,0,2023-12-01,None,False
UK752261610720,610720,youngstock,0,2023-12-08,1,True
UK752261610727,610727,youngstock,0,2023-12-09,1,True
UK752261610734,610734,youngstock,0,2023-12-14,None,False
UK752261610741,610741,youngstock,0,2023-12-15,1,True
UK752261610748,610748,youngstock,0,2023-12-17,1,True
UK752261610755,610755,youngstock,0,2023-12-21,1,True
UK752261610762,610762,youngstock,0,2023-12-24,None,False
UK752261610769,610769,youngstock,0,2023-12-27,None,False
UK752261610776,610776,youngstock,0,2023-12-30,1,True
UK752261610783,610783,youngstock,0,2024-01-02,1,True
UK752261610790,610790,youngstock,0,2024-01-05,1,True
UK752261610797,610797,youngstock,0,2024-01-09,None,False
UK752261610902,610902,youngstock,0,2024-01-10,None,False
UK752261610909,610909,youngstock,0,2024-01-12,1,True
UK752261610916,610916,youngstock,0,2024-01-17,1,True
UK752261610923,610923,youngstock,0,2024-01-22,1,True
UK752261610930,610930,youngstock,0,2024-01-26,None,False
UK752261610937,610937,youngstock,0,2024-01-28,1,True
UK752261610944,610944,youngstock,0,2024-01-31,1,True
UK752261610951,610951,youngstock,0,2024-02-05,1,True
UK752261610958,610958,youngstock,0,2024-02-08,1,True
UK752261610965,610965,youngstock,0,2024-02-10,None,False
UK752261610972,610972,youngstock,0,2024-02-13,1,True
UK752261610979,610979,youngstock,0,2024-02-16,1,True
UK752261610986,610986,youngstock,0,2024-02-20,1,True
UK752261610993,610993,youngstock,0,2024-02-24,1,True
UK752261611000,611000,youngstock,0,2024-02-27,1,True
UK752261611007,611007,youngstock,0,2024-03-02,1,True
UK752261611014,611014,youngstock,0,2024-03-07,None,False
UK752261611021,611021,youngstock,0,2024-03-16,1,True
UK752261611028,611028,youngstock,0,2024-03-20,1,True
UK752261611035,611035,youngstock,0,2024-03-29,1,True
UK752261611042,611042,youngstock,0,2024-03-31,1,True
UK752261611049,611049,youngstock,0,2024-04-05,1,True
UK752261611056,611056,youngstock,0,2024-04-11,1,True
UK752261611077,611077,youngstock,0,2024-04-22,1,True
UK752261611084,611084,youngstock,0,2024-04-27,None,False
UK752261611091,611091,youngstock,0,2024-04-30,1,True
UK752261611098,611098,youngstock,0,2024-05-02,None,False
UK752261611224,611224,youngstock,0,2024-05-13,None,False
UK752261611252,611252,youngstock,0,2024-05-31,None,False
UK752261611266,611266,youngstock,0,2024-06-08,1,True
UK752261611336,611336,youngstock,0,2024-07-22,0,True
UK752261611343,611343,youngstock,0,2024-07-26,None,False
UK752261611350,611350,youngstock,0,2024-07-30,None,False
UK752261611357,611357,youngstock,0,2024-08-01,0,True
UK752261611371,611371,youngstock,0,2024-08-06,None,False
UK752261611406,611406,youngstock,0,2024-08-22,None,False
UK752261611413,611413,youngstock,0,2024-08-24,1,True
UK752261611420,611420,youngstock,0,2024-08-30,0,True
UK752261611427,611427,youngstock,0,2024-09-02,0,True
UK752261611434,611434,youngstock,0,2024-09-06,0,True
UK752261611441,611441,youngstock,0,2024-09-12,0,True
UK752261611448,611448,youngstock,0,2024-09-17,0,True
UK752261611455,611455,youngstock,0,2024-09-19,0,True
UK752261611462,611462,youngstock,0,2024-09-21,0,True
UK752261611469,611469,youngstock,0,2024-09-25,0,True
UK752261611483,611483,youngstock,0,2024-09-28,0,True
UK752261611490,611490,youngstock,0,2024-10-02,0,True
UK752261611497,611497,youngstock,0,2024-10-03,0,True
UK752261611602,611602,youngstock,0,2024-10-05,None,False
UK752261611609,611609,youngstock,0,2024-10-09,0,True
UK752261611616,611616,youngstock,0,2024-10-12,0,True
UK752261611623,611623,youngstock,0,2024-10-14,0,True
UK752261611630,611630,youngstock,0,2024-10-16,0,True
UK752261611637,611637,youngstock,0,2024-10-18,0,True
UK752261611644,611644,youngstock,0,2024-10-22,None,False
UK752261611651,611651,youngstock,0,2024-10-28,0,True
UK752261611658,611658,youngstock,0,2024-10-31,None,False
UK752261611665,611665,youngstock,0,2024-11-03,0,True
UK752261611672,611672,youngstock,0,2024-11-04,0,True
UK752261611679,611679,youngstock,0,2024-11-07,0,True
UK752261611686,611686,youngstock,0,2024-11-11,0,True
UK752261611693,611693,youngstock,0,2024-11-15,None,False
UK752261611700,611700,youngstock,0,2024-11-20,0,True
UK752261611707,611707,youngstock,0,2024-11-24,0,True
UK752261611714,611714,youngstock,0,2024-11-27,0,True
UK752261611721,611721,youngstock,0,2024-11-28,0,True
UK752261611728,611728,youngstock,0,2024-12-05,0,True
UK752261611735,611735,youngstock,0,2024-12-07,0,True
UK752261611742,611742,youngstock,0,2024-12-11,0,True
UK752261611756,611756,youngstock,0,2024-12-19,0,True
UK752261611763,611763,youngstock,0,2024-12-23,None,False
UK752261611770,611770,youngstock,0,2024-12-29,0,True
UK752261611777,611777,youngstock,0,2024-12-30,None,False
UK752261709741,991,youngstock,0,2022-10-27,None,False
UK752261710000,710000,youngstock,0,2023-01-23,None,False
UK752261710007,710007,youngstock,0,2023-01-28,None,False
UK752261710014,51,youngstock,0,2023-02-02,2,True
UK752261710028,946,youngstock,0,2023-02-09,None,False
UK752261710035,641,youngstock,0,2023-02-14,None,False
UK752261710042,343,youngstock,0,2023-02-17,None,False
UK752261710049,710049,youngstock,0,2023-02-21,1,True
UK752261710063,710063,youngstock,0,2023-03-06,2,True
UK752261710070,710070,youngstock,0,2023-03-08,None,False
UK752261710077,710077,youngstock,0,2023-03-12,None,False
UK752261710084,710084,youngstock,0,2023-03-14,2,True
UK752261710091,710091,youngstock,0,2023-03-18,2,True
UK752261710098,710098,youngstock,0,2023-03-20,2,True
UK752261710105,710105,youngstock,0,2023-03-22,None,False
UK752261710112,710112,youngstock,0,2023-03-27,2,True
UK752261710119,710119,youngstock,0,2023-04-03,None,False
UK752261710126,710126,youngstock,0,2023-04-07,None,False
UK752261710133,710133,youngstock,0,2023-04-15,1,True
UK752261710140,710140,youngstock,0,2023-04-20,None,False
UK752261710154,710154,youngstock,0,2023-04-25,2,True
UK752261710161,710161,youngstock,0,2023-04-28,1,True
UK752261710168,710168,youngstock,0,2023-05-01,None,False
UK752261710175,710175,youngstock,0,2023-05-10,1,True
UK752261710182,710182,youngstock,0,2023-05-14,1,True
UK752261710189,710189,youngstock,0,2023-05-18,None,False
UK752261710196,710196,youngstock,0,2023-05-24,1,True
UK752261710203,710203,youngstock,0,2023-05-28,None,False
UK752261710210,710210,youngstock,0,2023-05-31,1,True
UK752261710224,710224,youngstock,0,2023-06-05,None,False
UK752261710231,710231,youngstock,0,2023-06-06,None,False
UK752261710238,710238,youngstock,0,2023-06-09,2,True
UK752261710245,710245,youngstock,0,2023-06-12,1,True
UK752261710252,710252,youngstock,0,2023-06-15,2,True
UK752261710259,710259,youngstock,0,2023-06-19,1,True
UK752261710266,710266,youngstock,0,2023-06-24,1,True
UK752261710273,710273,youngstock,0,2023-06-27,None,False
UK752261710280,710280,youngstock,0,2023-07-04,1,True
UK752261710294,710294,youngstock,0,2023-07-17,None,False
UK752261710301,710301,youngstock,0,2023-07-21,None,False
UK752261710315,710315,youngstock,0,2023-07-26,1,True
UK752261710322,710322,youngstock,0,2023-07-28,1,True
UK752261710336,710336,youngstock,0,2023-08-05,None,False
UK752261710343,710343,youngstock,0,2023-08-08,1,True
UK752261710350,710350,youngstock,0,2023-08-12,None,False
UK752261710357,710357,youngstock,0,2023-08-13,1,True
UK752261710364,710364,youngstock,0,2023-08-15,1,True
UK752261710371,710371,youngstock,0,2023-08-16,1,True
UK752261710378,710378,youngstock,0,2023-08-18,None,False
UK752261710385,710385,youngstock,0,2023-08-20,None,False
UK752261710392,710392,youngstock,0,2023-08-22,None,False
UK752261710399,710399,youngstock,0,2023-08-25,1,True
UK752261710406,710406,youngstock,0,2023-08-27,None,False
UK752261710413,710413,youngstock,0,2023-08-30,1,True
UK752261710420,710420,youngstock,0,2023-09-02,1,True
UK752261710427,710427,youngstock,0,2023-09-07,1,True
UK752261710434,710434,youngstock,0,2023-09-11,1,True
UK752261710441,710441,youngstock,0,2023-09-14,None,False
UK752261710448,710448,youngstock,0,2023-09-16,1,True
UK752261710455,710455,youngstock,0,2023-09-22,None,False
UK752261710462,710462,youngstock,0,2023-09-26,1,True
UK752261710469,710469,youngstock,0,2023-10-01,1,True
UK752261710476,710476,youngstock,0,2023-10-04,None,False
UK752261710483,710483,youngstock,0,2023-10-08,None,False
UK752261710490,710490,youngstock,0,2023-10-14,1,True
UK752261710497,710497,youngstock,0,2023-10-17,1,True
UK752261710567,710567,youngstock,0,2023-10-26,None,False
UK752261710602,710602,youngstock,0,2023-10-19,None,False
UK752261710609,710609,youngstock,0,2023-10-22,1,True
UK752261710616,710616,youngstock,0,2023-10-24,None,False
UK752261710623,710623,youngstock,0,2023-10-27,1,True
UK752261710630,710630,youngstock,0,2023-10-31,None,False
UK752261710637,710637,youngstock,0,2023-11-02,1,True
UK752261710644,710644,youngstock,0,2023-11-03,None,False
UK752261710651,710651,youngstock,0,2023-11-05,None,False
UK752261710658,710658,youngstock,0,2023-11-07,1,True
UK752261710665,710665,youngstock,0,2023-11-09,None,False
UK752261710672,710672,youngstock,0,2023-11-11,1,True
UK752261710679,710679,youngstock,0,2023-11-16,None,False
UK752261710686,710686,youngstock,0,2023-11-18,None,False
UK752261710693,710693,youngstock,0,2023-11-24,None,False
UK752261710700,710700,youngstock,0,2023-11-26,None,False
UK752261710707,710707,youngstock,0,2023-11-30,1,True
UK752261710714,710714,youngstock,0,2023-12-03,None,False
UK752261710721,710721,youngstock,0,2023-12-08,None,False
UK752261710728,710728,youngstock,0,2023-12-10,1,True
UK752261710735,710735,youngstock,0,2023-12-14,1,True
UK752261710742,710742,youngstock,0,2023-12-15,1,True
UK752261710749,710749,youngstock,0,2023-12-19,1,True
UK752261710756,710756,youngstock,0,2023-12-21,None,False
UK752261710770,710770,youngstock,0,2023-12-27,1,True
UK752261710777,710777,youngstock,0,2023-12-31,None,False
UK752261710784,710784,youngstock,0,2024-01-02,1,True
UK752261710791,710791,youngstock,0,2024-01-05,None,False
UK752261710798,710798,youngstock,0,2024-01-09,1,True
UK752261710903,710903,youngstock,0,2024-01-11,1,True
UK752261710910,710910,youngstock,0,2024-01-12,1,True
UK752261710917,710917,youngstock,0,2024-01-18,1,True
UK752261710924,710924,youngstock,0,2024-01-23,1,True
UK752261710931,710931,youngstock,0,2024-01-26,None,False
UK752261710938,710938,youngstock,0,2024-01-29,1,True
UK752261710945,710945,youngstock,0,2024-02-01,None,False
UK752261710952,710952,youngstock,0,2024-02-05,1,True
UK752261710959,710959,youngstock,0,2024-02-08,None,False
UK752261710973,710973,youngstock,0,2024-02-14,1,True
UK752261710980,710980,youngstock,0,2024-02-16,1,True
UK752261710987,710987,youngstock,0,2024-02-21,None,False
UK752261710994,710994,youngstock,0,2024-02-24,1,True
UK752261711008,711008,youngstock,0,2024-03-02,1,True
UK752261711022,711022,youngstock,0,2024-03-16,1,True
UK752261711029,711029,youngstock,0,2024-03-20,1,True
UK752261711036,711036,youngstock,0,2024-03-29,None,False
UK752261711043,711043,youngstock,0,2024-03-31,1,True
UK752261711050,711050,youngstock,0,2024-04-05,1,True
UK752261711057,711057,youngstock,0,2024-04-11,1,True
UK752261711078,711078,youngstock,0,2024-04-25,None,False
UK752261711085,711085,youngstock,0,2024-04-27,1,True
UK752261711092,711092,youngstock,0,2024-04-30,None,False
UK752261711204,711204,youngstock,0,2024-05-06,1,True
UK752261711218,711218,youngstock,0,2024-05-09,1,True
UK752261711225,711225,youngstock,0,2024-05-13,1,True
UK752261711232,711232,youngstock,0,2024-05-17,1,True
UK752261711260,711260,youngstock,0,2024-06-05,1,True
UK752261711267,711267,youngstock,0,2024-06-08,0,True
UK752261711281,711281,youngstock,0,2024-06-20,None,False
UK752261711288,711288,youngstock,0,2024-06-26,0,True
UK752261711372,711372,youngstock,0,2024-08-06,None,False
UK752261711379,711379,youngstock,0,2024-08-09,0,True
UK752261711386,711386,youngstock,0,2024-08-13,0,True
UK752261711400,711400,youngstock,0,2024-08-17,0,True
UK752261711407,711407,youngstock,0,2024-08-23,0,True
UK752261711414,711414,youngstock,0,2024-08-25,0,True
UK752261711421,711421,youngstock,0,2024-08-30,0,True
UK752261711428,711428,youngstock,0,2024-09-03,0,True
UK752261711435,711435,youngstock,0,2024-09-06,0,True
UK752261711442,711442,youngstock,0,2024-09-13,0,True
UK752261711449,711449,youngstock,0,2024-09-17,None,False
UK752261711456,711456,youngstock,0,2024-09-19,0,True
UK752261711463,711463,youngstock,0,2024-09-21,0,True
UK752261711470,711470,youngstock,0,2024-09-25,0,True
UK752261711477,711477,youngstock,0,2024-09-26,0,True
UK752261711484,711484,youngstock,0,2024-09-28,0,True
UK752261711491,711491,youngstock,0,2024-10-02,0,True
UK752261711498,711498,youngstock,0,2024-10-03,0,True
UK752261711603,711603,youngstock,0,2024-10-05,0,True
UK752261711610,711610,youngstock,0,2024-10-09,None,False
UK752261711617,711617,youngstock,0,2024-10-12,0,True
UK752261711624,711624,youngstock,0,2024-10-14,None,False
UK752261711631,711631,youngstock,0,2024-10-16,0,True
UK752261711638,711638,youngstock,0,2024-10-18,0,True
UK752261711645,711645,youngstock,0,2024-10-23,None,False
UK752261711652,711652,youngstock,0,2024-10-29,0,True
UK752261711659,711659,youngstock,0,2024-10-31,0,True
UK752261711666,711666,youngstock,0,2024-11-03,0,True
UK752261711673,711673,youngstock,0,2024-11-05,0,True
UK752261711680,711680,youngstock,0,2024-11-07,0,True
UK752261711687,711687,youngstock,0,2024-11-11,0,True
UK752261711694,711694,youngstock,0,2024-11-15,0,True
UK752261711701,711701,youngstock,0,2024-11-22,0,True
UK752261711708,711708,youngstock,0,2024-11-25,0,True
UK752261711715,711715,youngstock,0,2024-11-27,0,True
UK752261711722,711722,youngstock,0,2024-11-28,0,True
UK752261711729,711729,youngstock,0,2024-12-05,0,True
UK752261711736,711736,youngstock,0,2024-12-09,0,True
UK752261711743,711743,youngstock,0,2024-12-11,0,True
UK752261711750,711750,youngstock,0,2024-12-16,0,True
UK752261711757,711757,youngstock,0,2024-12-20,0,True
UK752261711764,711764,youngstock,0,2024-12-23,0,True
UK752261711771,711771,youngstock,0,2024-12-29,None,False
UK752261711778,711778,youngstock,0,2024-12-31,0,True
